<?xml version="1.0" encoding="UTF-8"?>
  <SupportAssistPrebootDiagnosticLog>
    <Schema>1.0.0</Schema>
    <LogNumber>68</LogNumber>
    <LogTimeStamp>12/24/2024 11:46:55</LogTimeStamp>
    <ePSA_Data>
      <Result>Not Reported</Result>
      <ReturnCode>BOOT_HOST_OS</ReturnCode>
      <ePSAFullVersion>4306.11</ePSAFullVersion>
      <ePSAInvocationCount>9</ePSAInvocationCount>
    </ePSA_Data>
    <BIOS_Data>
      <ErrorCategory>BATTERY</ErrorCategory>
      <ErrorMessage><![CDATA[WARNING: The primary battery is not identifiable and this system will not
charge this battery pack.  Using an incompatible battery or a third party
battery may increase the risk of fire or explosion.

Only Dell batteries should be used in Dell computers, and Dell batteries
can only be purchased through Dell.  You can order an authentic battery
at www.dell.com/batteries
]]></ErrorMessage>
      <Flags>DISABLE_IN_SETUP</Flags>
      <FRU_String><![CDATA[Primary Battery]]></FRU_String>
      <SOS_Available>FALSE</SOS_Available>
      <TimeOutSeconds>0</TimeOutSeconds>
    </BIOS_Data>
  </SupportAssistPrebootDiagnosticLog>
